{"cameraMode":{"drawMode":0,"name":"Shaded","section":"Shading Mode"},"sceneLighting":true,"audioPlay":false,"sceneViewState":{"showFog":true,"showMaterialUpdate":false,"showSkybox":true,"showFlares":true,"showImageEffects":true,"showParticleSystems":true},"in2DMode":false,"pivot":{"x":-4.321571350097656,"y":-1.0934057235717774,"z":-0.8341221809387207},"rotation":{"x":0.12003054469823837,"y":-0.837238609790802,"z":0.2038303166627884,"w":0.49302878975868227},"size":15.13739013671875,"orthographic":false}